Model,mIoU,Pixel Accuracy,F1 Score,Params (M)
segformer,0.08722468105182779,0.4855758042080147,0.12688817913134184,3.715943
